{
    "avg_prec": {
        "train": 0.8966735302310672,
        "test": 0.8918568438875543
    },
    "roc_auc": {
        "train": 0.9333083821135292,
        "test": 0.928031550100391
    }
}
